{
  "train_loss": [
    1.6094379425048828,
    1.6090760231018066,
    1.608729362487793,
    1.6083974838256836,
    1.6080796718597412,
    1.607775330543518,
    1.6074838638305664,
    1.607204794883728,
    1.6069375276565552,
    1.6066815853118896,
    1.6064362525939941
  ],
  "val_loss": [
    1.609438419342041,
    1.609439730644226,
    1.6094419956207275,
    1.6094447374343872,
    1.6094480752944946,
    1.6094520092010498,
    1.6094564199447632,
    1.6094610691070557,
    1.6094661951065063,
    1.6094714403152466,
    1.609476923942566
  ],
  "val_accuracy": [
    0.2,
    0.2,
    0.2,
    0.2,
    0.2,
    0.2,
    0.2,
    0.2,
    0.2,
    0.2,
    0.2
  ]
}